avatar,first_name,last_name,phone,email
https://assets.pokemon.com/assets/cms2/img/pokedex/detail/001.png,Bulbasaur,Grass,45,1
https://assets.pokemon.com/assets/cms2/img/pokedex/detail/002.png,Ivysaur,Grass,60,2
https://assets.pokemon.com/assets/cms2/img/pokedex/detail/003.png,Venusaur,Grass,80,3
https://assets.pokemon.com/assets/cms2/img/pokedex/detail/004.png,Charmander,Fire,39,4
https://assets.pokemon.com/assets/cms2/img/pokedex/detail/005.png,Charmeleon,Fire,58,5
https://assets.pokemon.com/assets/cms2/img/pokedex/detail/006.png,Charizard,Fire,78,6
https://assets.pokemon.com/assets/cms2/img/pokedex/detail/007.png,Squirtle,Water,44,7
https://assets.pokemon.com/assets/cms2/img/pokedex/detail/008.png,Wartortle,Water,59,8
https://assets.pokemon.com/assets/cms2/img/pokedex/detail/009.png,Blastoise,Water,79,9
https://assets.pokemon.com/assets/cms2/img/pokedex/detail/010.png,Caterpie,Bug,45,10
https://assets.pokemon.com/assets/cms2/img/pokedex/detail/011.png,Metapod,Bug,50,11
https://assets.pokemon.com/assets/cms2/img/pokedex/detail/012.png,Butterfree,Bug,60,12
https://assets.pokemon.com/assets/cms2/img/pokedex/detail/013.png,Weedle,Bug,40,13
https://assets.pokemon.com/assets/cms2/img/pokedex/detail/014.png,Kakuna,Bug,45,14
https://assets.pokemon.com/assets/cms2/img/pokedex/detail/015.png,Beedrill,Bug,65,15
https://assets.pokemon.com/assets/cms2/img/pokedex/detail/016.png,Pidgey,Normal,40,16
https://assets.pokemon.com/assets/cms2/img/pokedex/detail/017.png,Pidgeotto,Normal,63,17
https://assets.pokemon.com/assets/cms2/img/pokedex/detail/018.png,Pidgeot,Normal,83,18
https://assets.pokemon.com/assets/cms2/img/pokedex/detail/019.png,Rattata,Normal,30,19
https://assets.pokemon.com/assets/cms2/img/pokedex/detail/020.png,Raticate,Normal,55,20
https://assets.pokemon.com/assets/cms2/img/pokedex/detail/021.png,Spearow,Normal,40,21
https://assets.pokemon.com/assets/cms2/img/pokedex/detail/022.png,Fearow,Normal,65,22
https://assets.pokemon.com/assets/cms2/img/pokedex/detail/023.png,Ekans,Poison,30,23
https://assets.pokemon.com/assets/cms2/img/pokedex/detail/024.png,Arbok,Poison,60,24
https://assets.pokemon.com/assets/cms2/img/pokedex/detail/025.png,Pikachu,Electric,35,25
https://assets.pokemon.com/assets/cms2/img/pokedex/detail/026.png,Raichu,Electric,60,26
https://assets.pokemon.com/assets/cms2/img/pokedex/detail/027.png,Sandshrew,Ground,50,27
https://assets.pokemon.com/assets/cms2/img/pokedex/detail/028.png,Sandslash,Ground,75,28
https://assets.pokemon.com/assets/cms2/img/pokedex/detail/029.png,Nidoran ♀,Poison,55,29
https://assets.pokemon.com/assets/cms2/img/pokedex/detail/030.png,Nidorina,Poison,70,30
https://assets.pokemon.com/assets/cms2/img/pokedex/detail/031.png,Nidoqueen,Poison,90,31
https://assets.pokemon.com/assets/cms2/img/pokedex/detail/032.png,Nidoran ♂,Poison,46,32
https://assets.pokemon.com/assets/cms2/img/pokedex/detail/033.png,Nidorino,Poison,61,33
https://assets.pokemon.com/assets/cms2/img/pokedex/detail/034.png,Nidoking,Poison,81,34
https://assets.pokemon.com/assets/cms2/img/pokedex/detail/035.png,Clefairy,Normal,70,35
https://assets.pokemon.com/assets/cms2/img/pokedex/detail/036.png,Clefable,Normal,95,36
https://assets.pokemon.com/assets/cms2/img/pokedex/detail/037.png,Vulpix,Fire,38,37
https://assets.pokemon.com/assets/cms2/img/pokedex/detail/038.png,Ninetales,Fire,73,38
https://assets.pokemon.com/assets/cms2/img/pokedex/detail/039.png,Jigglypuff,Normal,115,39
https://assets.pokemon.com/assets/cms2/img/pokedex/detail/040.png,Wigglytuff,Normal,140,40
https://assets.pokemon.com/assets/cms2/img/pokedex/detail/041.png,Zubat,Poison,40,41
https://assets.pokemon.com/assets/cms2/img/pokedex/detail/042.png,Golbat,Poison,75,42
https://assets.pokemon.com/assets/cms2/img/pokedex/detail/043.png,Oddish,Grass,45,43
https://assets.pokemon.com/assets/cms2/img/pokedex/detail/044.png,Gloom,Grass,60,44
https://assets.pokemon.com/assets/cms2/img/pokedex/detail/045.png,Vileplume,Grass,75,45
https://assets.pokemon.com/assets/cms2/img/pokedex/detail/046.png,Paras,Bug,35,46
https://assets.pokemon.com/assets/cms2/img/pokedex/detail/047.png,Parasect,Bug,60,47
https://assets.pokemon.com/assets/cms2/img/pokedex/detail/048.png,Venonat,Bug,60,48
https://assets.pokemon.com/assets/cms2/img/pokedex/detail/049.png,Venomoth,Bug,70,49
https://assets.pokemon.com/assets/cms2/img/pokedex/detail/050.png,Diglett,Ground,10,50
https://assets.pokemon.com/assets/cms2/img/pokedex/detail/051.png,Dugtrio,Ground,35,51
https://assets.pokemon.com/assets/cms2/img/pokedex/detail/052.png,Meowth,Normal,40,52
https://assets.pokemon.com/assets/cms2/img/pokedex/detail/053.png,Persian,Normal,65,53
https://assets.pokemon.com/assets/cms2/img/pokedex/detail/054.png,Psyduck,Water,50,54
https://assets.pokemon.com/assets/cms2/img/pokedex/detail/055.png,Golduck,Water,80,55
https://assets.pokemon.com/assets/cms2/img/pokedex/detail/056.png,Mankey,Fighting,40,56
https://assets.pokemon.com/assets/cms2/img/pokedex/detail/057.png,Primeape,Fighting,65,57
https://assets.pokemon.com/assets/cms2/img/pokedex/detail/058.png,Growlithe,Fire,55,58
https://assets.pokemon.com/assets/cms2/img/pokedex/detail/059.png,Arcanine,Fire,90,59
https://assets.pokemon.com/assets/cms2/img/pokedex/detail/060.png,Poliwag,Water,40,60
https://assets.pokemon.com/assets/cms2/img/pokedex/detail/061.png,Poliwhirl,Water,65,61
https://assets.pokemon.com/assets/cms2/img/pokedex/detail/062.png,Poliwrath,Water,90,62
https://assets.pokemon.com/assets/cms2/img/pokedex/detail/063.png,Abra,Psychic,25,63
https://assets.pokemon.com/assets/cms2/img/pokedex/detail/064.png,Kadabra,Psychic,40,64
https://assets.pokemon.com/assets/cms2/img/pokedex/detail/065.png,Alakazam,Psychic,55,65
https://assets.pokemon.com/assets/cms2/img/pokedex/detail/066.png,Machop,Fighting,70,66
https://assets.pokemon.com/assets/cms2/img/pokedex/detail/067.png,Machoke,Fighting,80,67
https://assets.pokemon.com/assets/cms2/img/pokedex/detail/068.png,Machamp,Fighting,90,68
https://assets.pokemon.com/assets/cms2/img/pokedex/detail/069.png,Bellsprout,Grass,50,69
https://assets.pokemon.com/assets/cms2/img/pokedex/detail/070.png,Weepinbell,Grass,65,70
https://assets.pokemon.com/assets/cms2/img/pokedex/detail/071.png,Victreebel,Grass,80,71
https://assets.pokemon.com/assets/cms2/img/pokedex/detail/072.png,Tentacool,Water,40,72
https://assets.pokemon.com/assets/cms2/img/pokedex/detail/073.png,Tentacruel,Water,80,73
https://assets.pokemon.com/assets/cms2/img/pokedex/detail/074.png,Geodude,Rock,40,74
https://assets.pokemon.com/assets/cms2/img/pokedex/detail/075.png,Graveler,Rock,55,75
https://assets.pokemon.com/assets/cms2/img/pokedex/detail/076.png,Golem,Rock,80,76
https://assets.pokemon.com/assets/cms2/img/pokedex/detail/077.png,Ponyta,Fire,50,77
https://assets.pokemon.com/assets/cms2/img/pokedex/detail/078.png,Rapidash,Fire,65,78
https://assets.pokemon.com/assets/cms2/img/pokedex/detail/079.png,Slowpoke,Water,90,79
https://assets.pokemon.com/assets/cms2/img/pokedex/detail/080.png,Slowbro,Water,95,80
https://assets.pokemon.com/assets/cms2/img/pokedex/detail/081.png,Magnemite,Electric,25,81
https://assets.pokemon.com/assets/cms2/img/pokedex/detail/082.png,Magneton,Electric,50,82
https://assets.pokemon.com/assets/cms2/img/pokedex/detail/083.png,Farfetch'd,Normal,52,83
https://assets.pokemon.com/assets/cms2/img/pokedex/detail/084.png,Doduo,Normal,35,84
https://assets.pokemon.com/assets/cms2/img/pokedex/detail/085.png,Dodrio,Normal,60,85
https://assets.pokemon.com/assets/cms2/img/pokedex/detail/086.png,Seel,Water,65,86
https://assets.pokemon.com/assets/cms2/img/pokedex/detail/087.png,Dewgong,Water,90,87
https://assets.pokemon.com/assets/cms2/img/pokedex/detail/088.png,Grimer,Poison,80,88
https://assets.pokemon.com/assets/cms2/img/pokedex/detail/089.png,Muk,Poison,105,89
https://assets.pokemon.com/assets/cms2/img/pokedex/detail/090.png,Shellder,Water,30,90
https://assets.pokemon.com/assets/cms2/img/pokedex/detail/091.png,Cloyster,Water,50,91
https://assets.pokemon.com/assets/cms2/img/pokedex/detail/092.png,Gastly,Ghost,30,92
https://assets.pokemon.com/assets/cms2/img/pokedex/detail/093.png,Haunter,Ghost,45,93
https://assets.pokemon.com/assets/cms2/img/pokedex/detail/094.png,Gengar,Ghost,60,94
https://assets.pokemon.com/assets/cms2/img/pokedex/detail/095.png,Onix,Rock,35,95
https://assets.pokemon.com/assets/cms2/img/pokedex/detail/096.png,Drowzee,Psychic,60,96
https://assets.pokemon.com/assets/cms2/img/pokedex/detail/097.png,Hypno,Psychic,85,97
https://assets.pokemon.com/assets/cms2/img/pokedex/detail/098.png,Krabby,Water,30,98
https://assets.pokemon.com/assets/cms2/img/pokedex/detail/099.png,Kingler,Water,55,99
https://assets.pokemon.com/assets/cms2/img/pokedex/detail/100.png,Voltorb,Electric,40,100
https://assets.pokemon.com/assets/cms2/img/pokedex/detail/101.png,Electrode,Electric,60,101
https://assets.pokemon.com/assets/cms2/img/pokedex/detail/102.png,Exeggcute,Grass,60,102
https://assets.pokemon.com/assets/cms2/img/pokedex/detail/103.png,Exeggutor,Grass,95,103
https://assets.pokemon.com/assets/cms2/img/pokedex/detail/104.png,Cubone,Ground,50,104
https://assets.pokemon.com/assets/cms2/img/pokedex/detail/105.png,Marowak,Ground,60,105
https://assets.pokemon.com/assets/cms2/img/pokedex/detail/106.png,Hitmonlee,Fighting,50,106
https://assets.pokemon.com/assets/cms2/img/pokedex/detail/107.png,Hitmonchan,Fighting,50,107
https://assets.pokemon.com/assets/cms2/img/pokedex/detail/108.png,Lickitung,Normal,90,108
https://assets.pokemon.com/assets/cms2/img/pokedex/detail/109.png,Koffing,Poison,40,109
https://assets.pokemon.com/assets/cms2/img/pokedex/detail/110.png,Weezing,Poison,65,110
https://assets.pokemon.com/assets/cms2/img/pokedex/detail/111.png,Rhyhorn,Ground,80,111
https://assets.pokemon.com/assets/cms2/img/pokedex/detail/112.png,Rhydon,Ground,105,112
https://assets.pokemon.com/assets/cms2/img/pokedex/detail/113.png,Chansey,Normal,250,113
https://assets.pokemon.com/assets/cms2/img/pokedex/detail/114.png,Tangela,Grass,65,114
https://assets.pokemon.com/assets/cms2/img/pokedex/detail/115.png,Kangaskhan,Normal,105,115
https://assets.pokemon.com/assets/cms2/img/pokedex/detail/116.png,Horsea,Water,30,116
https://assets.pokemon.com/assets/cms2/img/pokedex/detail/117.png,Seadra,Water,55,117
https://assets.pokemon.com/assets/cms2/img/pokedex/detail/118.png,Goldeen,Water,45,118
https://assets.pokemon.com/assets/cms2/img/pokedex/detail/119.png,Seaking,Water,80,119
https://assets.pokemon.com/assets/cms2/img/pokedex/detail/120.png,Staryu,Water,30,120
https://assets.pokemon.com/assets/cms2/img/pokedex/detail/121.png,Starmie,Water,60,121
https://assets.pokemon.com/assets/cms2/img/pokedex/detail/122.png,Mr. Mime,Psychic,40,122
https://assets.pokemon.com/assets/cms2/img/pokedex/detail/123.png,Scyther,Bug,70,123
https://assets.pokemon.com/assets/cms2/img/pokedex/detail/124.png,Jynx,Ice,65,124
https://assets.pokemon.com/assets/cms2/img/pokedex/detail/125.png,Electabuzz,Electric,65,125
https://assets.pokemon.com/assets/cms2/img/pokedex/detail/126.png,Magmar,Fire,65,126
https://assets.pokemon.com/assets/cms2/img/pokedex/detail/127.png,Pinsir,Bug,65,127
https://assets.pokemon.com/assets/cms2/img/pokedex/detail/128.png,Tauros,Normal,75,128
https://assets.pokemon.com/assets/cms2/img/pokedex/detail/129.png,Magikarp,Water,20,129
https://assets.pokemon.com/assets/cms2/img/pokedex/detail/130.png,Gyarados,Water,95,130
https://assets.pokemon.com/assets/cms2/img/pokedex/detail/131.png,Lapras,Water,130,131
https://assets.pokemon.com/assets/cms2/img/pokedex/detail/132.png,Ditto,Normal,48,132
https://assets.pokemon.com/assets/cms2/img/pokedex/detail/133.png,Eevee,Normal,55,133
https://assets.pokemon.com/assets/cms2/img/pokedex/detail/134.png,Vaporeon,Water,130,134
https://assets.pokemon.com/assets/cms2/img/pokedex/detail/135.png,Jolteon,Electric,65,135
https://assets.pokemon.com/assets/cms2/img/pokedex/detail/136.png,Flareon,Fire,65,136
https://assets.pokemon.com/assets/cms2/img/pokedex/detail/137.png,Porygon,Normal,65,137
https://assets.pokemon.com/assets/cms2/img/pokedex/detail/138.png,Omanyte,Rock,35,138
https://assets.pokemon.com/assets/cms2/img/pokedex/detail/139.png,Omastar,Rock,70,139
https://assets.pokemon.com/assets/cms2/img/pokedex/detail/140.png,Kabuto,Rock,30,140
https://assets.pokemon.com/assets/cms2/img/pokedex/detail/141.png,Kabutops,Rock,60,141
https://assets.pokemon.com/assets/cms2/img/pokedex/detail/142.png,Aerodactyl,Rock,80,142
https://assets.pokemon.com/assets/cms2/img/pokedex/detail/143.png,Snorlax,Normal,160,143
https://assets.pokemon.com/assets/cms2/img/pokedex/detail/144.png,Articuno,Ice,90,144
https://assets.pokemon.com/assets/cms2/img/pokedex/detail/145.png,Zapdos,Electric,90,145
https://assets.pokemon.com/assets/cms2/img/pokedex/detail/146.png,Moltres,Fire,90,146
https://assets.pokemon.com/assets/cms2/img/pokedex/detail/147.png,Dratini,Dragon,41,147
https://assets.pokemon.com/assets/cms2/img/pokedex/detail/148.png,Dragonair,Dragon,61,148
https://assets.pokemon.com/assets/cms2/img/pokedex/detail/149.png,Dragonite,Dragon,91,149
https://assets.pokemon.com/assets/cms2/img/pokedex/detail/150.png,Mewtwo,Psychic,106,150
https://assets.pokemon.com/assets/cms2/img/pokedex/detail/151.png,Mew,Psychic,100,151